&,INFO,REG_ID,NIORO,! Assigned by econ modeling teams,,,,
&,INFO,STRATUM,1,! Assigned by econ modeling teams,,,,
&,INFO,RAP_ID,,! Blank for baseline simulation,,,,
&,INFO,MAN_ID,,! Management ID,,,,
&,INFO,RAP_VER,,! Blank or zero for baseline simulation. Used for changes to adaptation package.,,,,
&,INFO,CLIM_ID,,!Climate ID,,,,
&,INFO,DESCRIPTION,generic,! FIELD=field overlay for filling in regional assumptions,,,,
&,REPLACE,SC_YEAR,1980,,,,,
&,REPLACE,EXP_DUR,30,,,,,
&,REPLACE,PDATE,REMOVE_ALL_EVENTS(),!Remove previous planting dates and fill with automatic planting events,,,,
&,REPLACE,PDATE,AUTO_PDATE(),0619,0625,25,5,! Automatic planting rules
