&,INFO,REG_ID,RICE,! Assigned by econ modeling teams,,,,,,,,,,,
&,INFO,STRATUM,1,! Assigned by econ modeling teams,,,,,,,,,,,
&,INFO,RAP_ID,,! Blank for baseline simulation,,,,,,,,,,,
&,INFO,MAN_ID,,! Management ID,,,,,,,,,,,
&,INFO,RAP_VER,,! Blank or zero for baseline simulation. Used for changes to RAP from a previous set of simulations.,,,,,,,,,,,
&,INFO,DESCRIPTION,PADDY,! FIELD=field overlay for filling in regional assumptions,,,,,,,,,,,
&,FILL,IRVAL,PADDY(),3,2,150,-3,20,5,4,30,15,11,50,25
