&,INFO,REG_ID,RICE,! Assigned by econ modeling teams,,,,
&,INFO,STRATUM,1,! Assigned by econ modeling teams,,,,
&,INFO,RAP_ID,,! Blank for baseline simulation,,,,
&,INFO,MAN_ID,,! Management ID,,,,
&,INFO,RAP_VER,,! Blank or zero for baseline simulation. Used for changes to RAP from a previous set of simulations.,,,,
&,INFO,DESCRIPTION,PADDY_2,! FIELD=field overlay for filling in regional assumptions,,,,
&,CREATE,IRRIGATION,NEW_EVENT(),-3,IROP,IR010,IRVAL,150
&,CREATE,IRRIGATION,NEW_EVENT(),-3,IROP,IR008,IRVAL,2
&,CREATE,IRRIGATION,NEW_EVENT(),-3,IROP,IR009,IRVAL,20
&,CREATE,IRRIGATION,NEW_EVENT(),-3,IROP,IR011,IRVAL,5
&,CREATE,IRRIGATION,NEW_EVENT(),4,IROP,IR009,IRVAL,30
&,CREATE,IRRIGATION,NEW_EVENT(),4,IROP,IR011,IRVAL,15
&,CREATE,IRRIGATION,NEW_EVENT(),11,IROP,IR009,IRVAL,50
&,CREATE,IRRIGATION,NEW_EVENT(),11,IROP,IR011,IRVAL,25
