&,INFO,REG_ID,RICE,! Assigned by econ modeling teams,,
&,INFO,STRATUM,1,! Assigned by econ modeling teams,,
&,INFO,RAP_ID,,! Blank for baseline simulation,,
&,INFO,MAN_ID,,! Management ID,,
&,INFO,RAP_VER,,! Blank or zero for baseline simulation. Used for changes to RAP from a previous set of simulations.,,
&,INFO,DESCRIPTION,SOIL2,! FIELD=field overlay for filling in regional assumptions,,
&,FILL,ICH2O,PCTAWC(),100,,
&,FILL,ICN_TOT,ICN_DIST(),25.0,,
&,FILL,ICPCR,RIC,,,
&,FILL,ICRAG,1250,,,
&,FILL,SLRGF,ROOT_DIST(),1,20,100
&,FILL,SLSC,STABLEC(),0.6,20,100
&,FILL,SLIC,MULTIPLY(),$SLSC,0.9,
&,FILL,SLPF,1,,,
&,FILL,SLADR,MULTIPLY(),$SLLL,0.4,
&,FILL,DiffusConst,40,,,
&,FILL,DiffusSlope,16,,,
&,FILL,CONA,3.5,,,
&,FILL,SummerU,6,,,
&,FILL,WinterU,6,,,
&,FILL,SummerDate__soil,03-21,,,
&,FILL,WinterDate__soil,09-21,,,
&,FILL,apsim_kl,0.06,,,
&,FILL,slacc,0.02,,,
