#,suite_name,exname,TRT_NAME,institution,site_name,local_name,exp_dur,fl_lat,fl_long,flele,wst_id,soil_id,,,,,,,,,,,,,,,,,
1,HSC,ARMA0701,13MAR07 C pl=  6,"USDA ARS, Arid Land Agricultural Center","Maricopa Agric. Center, Univ. Arizona","Maricopa, AZ",2,33.069,-114.53,361,AZ00,AZMC920001,,,,,,,,,,,,,,,,,
2,HSC,ARMA0701,13MAR07 C pl=  8,"USDA ARS, Arid Land Agricultural Center","Maricopa Agric. Center, Univ. Arizona","Maricopa, AZ",2,33.069,-114.53,361,AZ00,AZMC920001,,,,,,,,,,,,,,,,,
3,HSC,ARMA0701,13MAR07 C pl= 10,"USDA ARS, Arid Land Agricultural Center","Maricopa Agric. Center, Univ. Arizona","Maricopa, AZ",2,33.069,-114.53,361,AZ00,AZMC920001,,,,,,,,,,,,,,,,,
1,Event,Planting,pdate,2007-03-13,CRID,WHB,CUL_ID,Yecora Rojo,CUL_NOTES,"Spring wheat, little vernalization requirement, low photoperiod sensitivity",PLPOP,265,PLRS,19,PLDP,25,,,,,,,,,,,,,
2,Event,Planting,pdate,2007-03-13,CRID,WHB,CUL_ID,Yecora Rojo,CUL_NOTES,"Spring wheat, little vernalization requirement, low photoperiod sensitivity",PLPOP,320,PLRS,19,PLDP,25,,,,,,,,,,,,,
3,Event,Planting,pdate,2007-03-13,CRID,WHB,CUL_ID,Yecora Rojo,CUL_NOTES,"Spring wheat, little vernalization requirement, low photoperiod sensitivity",PLPOP,276,PLRS,19,PLDP,25,,,,,,,,,,,,,
1,Event,Irrigation,idate,2007-03-19,IROP,IR005,IRVAL,94.1,,,,,,,,,,,,,,,,,,,,,
1,Event,Irrigation,idate,2007-03-27,IROP,IR005,IRVAL,9.7,,,,,,,,,,,,,,,,,,,,,
1,Event,Irrigation,idate,2007-03-28,IROP,IR005,IRVAL,10,,,,,,,,,,,,,,,,,,,,,
1,Event,Irrigation,idate,2007-04-04,IROP,IR005,IRVAL,32.3,,,,,,,,,,,,,,,,,,,,,
2,Event,Irrigation,idate,2007-03-21,IROP,IR005,IRVAL,94.1,,,,,,,,,,,,,,,,,,,,,
2,Event,Irrigation,idate,2007-03-27,IROP,IR005,IRVAL,8.6,,,,,,,,,,,,,,,,,,,,,
2,Event,Irrigation,idate,2007-03-28,IROP,IR005,IRVAL,8.5,,,,,,,,,,,,,,,,,,,,,
2,Event,Irrigation,idate,2007-04-04,IROP,IR005,IRVAL,31.1,,,,,,,,,,,,,,,,,,,,,
3,Event,Irrigation,idate,2007-03-21,IROP,IR005,IRVAL,94.1,,,,,,,,,,,,,,,,,,,,,
3,Event,Irrigation,idate,2007-03-27,IROP,IR005,IRVAL,7.7,,,,,,,,,,,,,,,,,,,,,
3,Event,Irrigation,idate,2007-03-28,IROP,IR005,IRVAL,7.9,,,,,,,,,,,,,,,,,,,,,
3,Event,Irrigation,idate,2007-04-04,IROP,IR005,IRVAL,32.7,,,,,,,,,,,,,,,,,,,,,
%,,Type of event,Date of event,yyyy-mm-dd,Fertilizer type code,Fertilizer type value,Fertilizer application code,Fertilizer application value,Incorporation depth,cm,Fertilizer N,kg[N]/ha,,,,,,,,,,,,,,,,,
1,Event,Fertilizer,fedate,2007-03-13,FECD,FE007,FEACD,AP002,FEDEP,15,FEAMN,51,,,,,,,,,,,,,,,,,
1,Event,Fertilizer,fedate,2007-04-13,FECD,FE010,FEACD,AP005,FEDEP,15,FEAMN,57,,,,,,,,,,,,,,,,,
1,Event,Fertilizer,fedate,2007-04-26,FECD,FE010,FEACD,AP005,FEDEP,15,FEAMN,56,,,,,,,,,,,,,,,,,
1,Event,Fertilizer,fedate,2007-05-11,FECD,FE010,FEACD,AP005,FEDEP,15,FEAMN,56,,,,,,,,,,,,,,,,,
2,Event,Fertilizer,fedate,2007-03-13,FECD,FE007,FEACD,AP002,FEDEP,15,FEAMN,51,,,,,,,,,,,,,,,,,
2,Event,Fertilizer,fedate,2007-04-13,FECD,FE010,FEACD,AP005,FEDEP,15,FEAMN,55,,,,,,,,,,,,,,,,,
2,Event,Fertilizer,fedate,2007-04-26,FECD,FE010,FEACD,AP005,FEDEP,15,FEAMN,56,,,,,,,,,,,,,,,,,
2,Event,Fertilizer,fedate,2007-05-11,FECD,FE010,FEACD,AP005,FEDEP,15,FEAMN,56,,,,,,,,,,,,,,,,,
3,Event,Fertilizer,fedate,2007-03-13,FECD,FE007,FEACD,AP002,FEDEP,15,FEAMN,51,,,,,,,,,,,,,,,,,
3,Event,Fertilizer,fedate,2007-04-13,FECD,FE010,FEACD,AP005,FEDEP,15,FEAMN,55,,,,,,,,,,,,,,,,,
3,Event,Fertilizer,fedate,2007-04-26,FECD,FE010,FEACD,AP005,FEDEP,15,FEAMN,56,,,,,,,,,,,,,,,,,
3,Event,Fertilizer,fedate,2007-05-11,FECD,FE010,FEACD,AP005,FEDEP,15,FEAMN,56,,,,,,,,,,,,,,,,,
#,PLDAE,ADAT,MDAT,HWAH,CWAM,!,,,,,,,,,,,,,,,,,,,,,,,
1,2007-03-27,2007-05-10,2007-06-04,5751,12602,13MAR07 C pl=  6,,,,,,,,,,,,,,,,,,,,,,,
2,2007-03-27,2007-05-12,2007-06-01,2998,6964,13MAR07 C pl=  8,,,,,,,,,,,,,,,,,,,,,,,
3,2007-03-27,2007-05-12,2007-06-04,6307,15524,13MAR07 C pl= 10,,,,,,,,,,,,,,,,,,,,,,,
%,date,cwad,GWAD,,,,,,,,,,,,,,,,,,,,,,,,,,
1,2007-04-25,1486,,,,,,,,,,,,,,,,,,,,,,,,,,,
1,2007-05-21,8953,,,,,,,,,,,,,,,,,,,,,,,,,,,
1,2007-06-06,12602,5751,,,,,,,,,,,,,,,,,,,,,,,,,,
2,2007-04-25,1525,,,,,,,,,,,,,,,,,,,,,,,,,,,
2,2007-05-21,6438,,,,,,,,,,,,,,,,,,,,,,,,,,,
2,2007-06-06,6964,2998,,,,,,,,,,,,,,,,,,,,,,,,,,
3,2007-04-25,1837,,,,,,,,,,,,,,,,,,,,,,,,,,,
3,2007-05-21,7493,,,,,,,,,,,,,,,,,,,,,,,,,,,
3,2007-06-06,15524,6307,,,,,,,,,,,,,,,,,,,,,,,,,,
