#,EXNAME,DATA_SOURCE,SOIL_ID,WST_ID,EXP_DUR,ID_FIELD,FL_LAT,FL_LONG,FLELE,CR_SYSTEM,IRRIG,TI_NOTES,PDATE,CRID,CUL_NAME,PLPOE,PLRS,RM,HDATE,ICPCR,HWAH,HWAHS,HMAH,HMAHS,ADAP,ADAPS,CHTX,CHTXS,FL_SLTX,FL_NOTES
*,USA-2007-3150,VarietyTrial,S183901,IL12,1,FVTD0001,41.791141,-88.875363,275,Conventional Corn,N,Conventional,2007-05-05,MAZ,2007_RM105_TestMean,7.88442,76.2,105,2007-10-03,SBN,10613.83514,746.07188,0.168417647058823,0.0147116962402446,,,2.44471,0.110673745754973,SICL,"Soils derived from SSURGO, Texture Component"
*,USA-2007-3151,VarietyTrial,S183901,IL12,1,FVTD0002,41.791141,-88.875363,275,Conventional Corn,N,Conventional,2007-05-05,MAZ,2007_RM110_TestMean,7.78071,76.2,110,2007-10-03,SBN,11331.66297,812.93773,0.232182692307692,0.0254838262331178,,,2.50294,0.128488166644576,SICL,"Soils derived from SSURGO, Texture Component"
*,USA-2007-3164,VarietyTrial,S937038,IL12,1,FVTD0003,41.791141,-89.125362,295,Conventional Corn,N,Conventional,2007-05-01,MAZ,2007_RM100_TestMean,7.83287,76.2,100,2007-09-27,SBN,11141.06946,643.60296,0.14211382,0.0064200036413254,,,2.62095,0.104238445421695,SICL,"Soils derived from SSURGO, Dominant Component"
*,USA-2007-3165,VarietyTrial,S937038,IL12,1,FVTD0004,41.791141,-89.125362,295,Conventional Corn,N,Conventional,2007-05-01,MAZ,2007_RM105_TestMean,7.68395,76.2,105,2007-09-27,SBN,11227.72223,674.78557,0.156964285714285,0.0150551452828174,,,2.66609,0.109219216779573,SICL,"Soils derived from SSURGO, Dominant Component"
*,USA-2007-3180,VarietyTrial,S1144320,IL12,1,FVTD0005,41.957807,-89.625360,266,Conventional Corn,N,Conventional,2007-05-03,MAZ,2007_RM105_TestMean,7.52571,76.2,105,2007-09-19,SBN,11296.77847,828.17399,0.230611111111111,0.0254988125408574,,,,,SIL,"Soils derived from SSURGO, Texture Component"
*,USA-2007-3235,VarietyTrial,S403017,IL12,1,FVTD0006,42.124473,-93.875343,345,Conventional Corn,N,Conventional,2007-05-13,MAZ,2007_RM105_TestMean,8.64862,76.2,105,2007-10-11,SBN,10910.71991,752.24998,0.147671959459459,0.0122298094421598,,,,,SICL,"Soils derived from SSURGO, Dominant Component"
*,USA-2007-3236,VarietyTrial,S403017,IL12,1,FVTD0007,42.124473,-93.875343,345,Conventional Corn,N,Conventional,2007-05-13,MAZ,2007_RM110_TestMean,8.67663,76.2,110,2007-10-11,SBN,11437.98653,914.64176,0.183834375,0.0165587274919249,,,,,SICL,"Soils derived from SSURGO, Dominant Component"
*,USA-2007-3237,VarietyTrial,S403017,IL12,1,FVTD0008,42.124473,-93.875343,345,Conventional Corn,N,Conventional,2007-05-12,MAZ,2007_RM105_TestMean,10.51175,76.2,105,2007-10-11,SBN,11274.43513,850.98432,0.145632530120482,0.0134260227503541,,,,,SICL,"Soils derived from SSURGO, Dominant Component"
*,USA-2007-3238,VarietyTrial,S403017,IL12,1,FVTD0009,42.124473,-93.875343,345,Conventional Corn,N,Conventional,2007-05-12,MAZ,2007_RM110_TestMean,10.56029,76.2,110,2007-10-11,SBN,11134.13682,976.45944,0.185035897435897,0.0194173836344117,,,,,SICL,"Soils derived from SSURGO, Dominant Component"
*,USA-2007-3239,VarietyTrial,S403017,IL12,1,FVTD0010,41.957807,-93.792010,333,Conventional Corn,N,Conventional,2007-05-15,MAZ,2007_RM100_TestMean,8.4775,76.2,100,2007-10-09,MAZ,10291.62553,674.02119,0.13502627,0.0085998924458202,,,,,SICL,"Soils derived from SSURGO, Dominant Component"
*,USA-2007-3286,VarietyTrial,S412834,IL12,1,FVTD0011,41.791141,-93.542011,263,Conventional Corn,N,Conventional,2007-05-15,MAZ,2007_RM105_TestMean,8.52511,76.2,105,2007-10-04,SBN,10301.0912,869.33409,0.177011834319526,0.0147042220069451,,,2.32982,0.13082823090101,SICL,"Soils derived from SSURGO, Dominant Component"
