&,INFO,REG_ID,NIORO,! Assigned by econ modeling teams,,,,,,,
&,INFO,STRATUM,,! Assigned by econ modeling teams,,,,,,,
&,INFO,RAP_ID,,! Blank for survey simulation,,,,,,,
&,INFO,MAN_ID,,! Management ID,,,,,,,
&,INFO,RAP_VER,,! Blank or zero for baseline simulation. Used for changes to RAP from a previous set of simulations.,,,,,,,
&,INFO,CLIM_ID,,!Climate ID,,,,,,,
&,INFO,DESCRIPTION,Soil3,! FIELD=field overlay for filling in regional assumptions,,,,,,,
&,REPLACE,TAV,TAVAMP(),! Calculates TAV and TAMP based on daily weather records,,,,,,,
&,FILL,SLDRL,TRANSPOSE(),0.7,0.7,0.7,0.7,0.7,! This controls APSIM SWCON,,
&,FILL,ICH2O,PCTAWC(),0,,,,,,,
&,FILL,ICNO3,0.5,,,,,,,,
&,FILL,ICNH4,0.1,,,,,,,,
&,FILL,ICN_TOT,ICN_DIST(),10.0,,,,,,,
&,FILL,ICPCR,MAZ,,,,,,,,
&,FILL,ICRAG,250,,,,,,,,
&,FILL,ICRN,0.8,,,,,,,,
&,FILL,PDATE,AUTO_PDATE(),,,25,5,"! If planting data are missing, fills in values",,,
&,FILL,CRID,MAZ,,,,,,,,
&,FILL,cul_name,TZEEY-SRBC5,,,,,,,,
&,FILL,dssat_cul_id,IF0021,,,,,,,,
&,FILL,apsim_cul_id,TZEEY-SRBC5,,,,,,,,
&,FILL,plpop,2,,,,,,,,
&,FILL,plma,S,,,,,,,,
&,FILL,pldp,50,,,,,,,,
&,FILL,plrs,80,,,,,,,,
&,FILL,FEDATE,FERT_DIST(),2,FE005,AP002,5,14,50,45,50
&,FILL,OMDAT,OM_DIST(),-7,RE003,13,5,70,2.5,,
&,REPLACE,SLRGF,TRANSPOSE(),1,0.613,0.231,0.087,0.033,! Inserted by Bright for XF,,
&,FILL,SLSC,STABLEC(),0.7,20,60,,,,,
&,FILL,SLIC,MULTIPLY(),$SLSC,0.9,,,,,,
&,REPLACE,SLFIC,TRANSPOSE(),0.7,0.8,0.9,0.9,1,! Inserted by Bright for Finert,,
&,FILL,SLPF,0.5,,,,,,,,
&,FILL,SLADR,MULTIPLY(),$SLLL,0.4,,,,,,
&,FILL,DiffusConst,250,,,,,,,,
&,FILL,DiffusSlope,22,,,,,,,,
&,FILL,CONA,3.5,,,,,,,,
&,FILL,SummerU,6,,,,,,,,
&,FILL,WinterU,6,,,,,,,,
&,FILL,SummerDate__soil,04-01,,,,,,,,
&,FILL,WinterDate__soil,10-01,,,,,,,,
&,FILL,apsim_kl,0.06,,,,,,,,
&,FILL,slacc,0.02,,,,,,,,
&,FILL,SDAT,OFFSET_DATE(),$PDATE,-30,,,,,,
&,FILL,ICDAT,$SDAT,,,,,,,,
&,FILL,ENDAT,DATE_OFFSET(),$PDATE,200,,,,,,
