&,INFO,REG_ID,MACHAKOS,! Assigned by econ modeling teams,,,
&,INFO,STRATUM,1,! Assigned by econ modeling teams,,,
&,INFO,RAP_ID,,! Blank for baseline simulation,,,
&,INFO,MAN_ID,,! Management ID,,,
&,INFO,RAP_VER,,! Blank or zero for baseline simulation. Used for changes to RAP from a previous set of simulations.,,,
&,INFO,DESCRIPTION,A2_ENDOFCENTURY,! FIELD=field overlay for filling in regional assumptions,,,
&,REPLACE,SC_YEAR,1981,,,,
&,REPLACE,EXP_DUR,30,,,,
&,REPLACE,CLIM_ID,5PFA,! Matches climate ID in weather data,,,
&,REPLACE,CO2Y,735,,,,
&,REPLACE,PDATE,REMOVE_ALL_EVENTS(),!Remove previous planting dates and fill with automatic planting events,,,
&,REPLACE,PDATE,AUTO_PDATE(),0301,0731,25,5
&,REPLACE,ENDAT,DATE_OFFSET(),$PDATE,200,,
