&,INFO,REG_ID,NIORO,! Assigned by econ modeling teams,,,,
&,INFO,STRATUM,5,! Assigned by econ modeling teams,,,,
&,INFO,RAP_ID,,! Blank for baseline simulation,,,,
&,INFO,MAN_ID,,! Management ID,,,,
&,INFO,RAP_VER,,! Blank or zero for baseline simulation. Used for changes to RAP from a previous set of simulations.,,,,
&,INFO,CLIM_ID,IEFA,!Climate ID,,,,
&,INFO,DESCRIPTION,RCP8.5_MID,! FIELD=field overlay for filling in regional assumptions,,,,
&,REPLACE,SC_YEAR,1980,,,,,
&,REPLACE,EXP_DUR,30,,,,,
&,REPLACE,CLIM_ID,IEFA,! Matches climate ID in weather data,,,,
&,REPLACE,CO2Y,571,,,,,
&,REPLACE,PDATE,REMOVE_ALL_EVENTS(),!Remove previous planting dates and fill with automatic planting events,,,,
&,REPLACE,PDATE,AUTO_PDATE(),0717,0723,25,5,! Automatic planting rules
