&,INFO,REG_ID,VAR,! Assigned by modeling teams,,,,,,,
&,INFO,STRATUM,,! Assigned by modeling teams,,,,,,,
&,INFO,RAP_ID,,! Blank for baseline simulation,,,,,,,
&,INFO,MAN_ID,,! Management ID,,,,,,,
&,INFO,RAP_VER,,! Blank or zero for baseline simulation. Used for changes to RAP from a previous set of simulations.,,,,,,,
&,INFO,DESCRIPTION,FIELD,,,,,,,,
&,REPLACE,TAV,TAVAMP(),! Calculates TAV and TAMP based on daily weather records,,,,,,,
&,FILL,ICH2O,PCTAWC(),100,,,,,,,
&,FILL,ICNO3,0.5,,,,,,,,
&,FILL,ICNH4,0.1,,,,,,,,
&,FILL,ICPCR,SBN,,,,,,,,
&,FILL,ICRAG,250,,,,,,,,
&,FILL,ICRN,0.8,,,,,,,,
&,FILL,plma,S,,,,,,,,
&,FILL,plds,R,,,,,,,,
&,REPLACE,dssat_cul_id,990002,,,,,,,,
&,FILL,plpop,7.5,,,,,,,,
&,FILL,pldp,50,,,,,,,,
&,FILL,plrs,80,,,,,,,,
&,REPLACE,FEN_TOT,120,,,,,,,,
&,FILL,FEDATE,FERT_DIST(),2,FE005,AP002,5,14,50,45,50
&,FILL,SLLB,PTCALC(),PTSaxton2006,ALL,"!calculates slll,sldul, slsat, sksat, slbdm",,,,,
&,FILL,SLRGF,ROOT_DIST(),1,33,120,,,,,
&,FILL,sldr,0.3,,,,,,,,
&,FILL,salb,0.12,,,,,,,,
&,FILL,slro,79,,,,,,,,
&,FILL,SLPF,0.93,,,,,,,,
&,FILL,SLSC,STABLEC(),0.55,20,60,,,,,
&,REPLACE,SDAT,OFFSET_DATE(),$PDATE,-30,,! Simulation start date at 30 days before planting,,,,
&,FILL,ICDAT,$SDAT,,,,,,,,
