&,INFO,REG_ID,HSC,! Assigned by modeling teams,,
&,INFO,Stratum,,! Assigned by modeling teams,,
&,INFO,RAP_ID,,! Blank for baseline simulation,,
&,INFO,MAN_ID,,! Management ID,,
&,INFO,RAP_VER,,! Blank or zero for baseline simulation. Used for changes to RAP from a previous set of simulations.,,
&,INFO,DESCRIPTION,FIELD,,,
&,FILL,ICH2O,PCTAWC(),50,,
&,FILL,ICNO3,5,,,
&,FILL,ICNH4,2,,,
&,FILL,plma,S,,,
&,FILL,plds,R,,,
&,REPLACE,dssat_cul_id,CI0001,,,
&,REPLACE,apsim_cul_id,bolac,,,
&,REPLACE,aquacrop_cul_id,wheat_v1,,,
&,REPLACE,stics_cul_id,1,,,
&,REPLACE,infocrop_cul_id,HD2285,,,
&,REPLACE,wofost_cul_id,whtspa.dat,,,
&,REPLACE,cropsyst_cul_id,wheat,,,
&,FILL,sldr,0.5,,,
&,FILL,salb,0.13,,,
&,FILL,slro,60,,,
&,FILL,SLPF,0.93,,,
&,FILL,SLSC,STABLEC(),0.55,20,60
&,FILL,SLIC,MULTIPLY(),$SLSC,0.9,
&,REPLACE,SDAT,OFFSET_DATE(),$PDATE,-30,
&,FILL,ICDAT,$SDAT,,,
