#,EXNAME,FIELD_OVERLAY,SEASONAL_STRATEGY,FL_LAT,FL_LONG,WST_ID,SOIL_ID,PDATE,CRID,FEN_TOT,OM_TOT,HDATE,HWAH,BWAH,TR_NOTES,"! 3/1/2013, CHP - Changed OMAMT to OM_TOT",,,,,,,,,,
*,MACH0001,MACHAKOS-1----FIELD,MACHAKOS-1----A2_ENDOFCENTURY,-1.9527,37.3876,MK10,TOA0235063,1999-04-15,MAZ,3,7141,1999-09-12,1601,264,,,,,,,,,,,,
*,MACH0002,MACHAKOS-1----FIELD,MACHAKOS-1----A2_ENDOFCENTURY,-1.9527,37.3876,MK10,TOA0235063,1999-10-12,MAZ,1,751,2000-03-15,148,1647,,,,,,,,,,,,
*,MACH0003,MACHAKOS-1----FIELD,MACHAKOS-1----A2_ENDOFCENTURY,-1.9516,37.3912,MK10,TOA0235024,1999-02-14,MAZ,0,0,1999-09-12,632,213,,,,,,,,,,,,
*,MACH0004,MACHAKOS-1----FIELD,MACHAKOS-1----A2_ENDOFCENTURY,-1.9516,37.3912,MK10,TOA0235024,1999-10-12,MAZ,0,153,2000-03-15,1131,629,,,,,,,,,,,,
