&,INFO,REG_ID,NIORO,! Assigned by econ modeling teams,,,,
&,INFO,STRATUM,2,! Assigned by econ modeling teams,,,,
&,INFO,RAP_ID,,! Blank for baseline simulation,,,,
&,INFO,MAN_ID,,! Management ID,,,,
&,INFO,RAP_VER,,! Blank or zero for baseline simulation. Used for changes to adaptation package.,,,,
&,INFO,CLIM_ID,0XFX,!Climate ID,,,,
&,INFO,DESCRIPTION,CURRENT,! FIELD=field overlay for filling in regional assumptions,,,,
&,REPLACE,SC_YEAR,1980,,,,,
&,REPLACE,EXP_DUR,30,,,,,
&,REPLACE,CLIM_ID,0XFX,! Matches climate ID in weather data,,,,
&,REPLACE,CO2Y,361,,,,,
&,REPLACE,PDATE,REMOVE_ALL_EVENTS(),!Remove previous planting dates and fill with automatic planting events,,,,
&,REPLACE,PDATE,AUTO_PDATE(),0626,0702,25,5,! Automatic planting rules
