&,INFO,REG_ID,MACHAKOS,! Assigned by econ modeling teams,,,,,,,
&,INFO,STRATUM,1,! Assigned by econ modeling teams,,,,,,,
&,INFO,RAP_ID,,! Blank for survey simulation,,,,,,,
&,INFO,MAN_ID,,! Management ID,,,,,,,
&,INFO,RAP_VER,,! Blank or zero for baseline simulation. Used for changes to RAP from a previous set of simulations.,,,,,,,
&,INFO,DESCRIPTION,FIELD,! FIELD=field overlay for filling in regional assumptions,,,,,,,
&,REPLACE,TAV,TAVAMP(),! Calculates TAV and TAMP based on daily weather records,,,,,,,
&,REPLACE_FIELD_ONLY,CO2Y,,"! For baseline historic simulations, do not use static mid-period CO2Y from the weather data.",,,,,,,
&,REPLACE,SLLB,LYRSET(),,,,,,,,
&,FILL,ICH2O,PCTAWC(),50,,,,,,,
&,FILL,ICN_TOT,ICN_DIST(),10.0,,,,,,,
&,FILL,ICPCR,MAZ,,,,,,,,
&,FILL,ICRAG,500,,,,,,,,
&,FILL,ICRN,0.8,,,,,,,,
&,FILL,PDATE,AUTO_PDATE(),0301,0731,25,5,"! If planting data are missing, fills in values",,,
&,FILL,CRID,MAZ,,,,,,,,
&,FILL,cul_name,Short Season,,,,,,,,
&,FILL,dssat_cul_id,990003,,,,,,,,
&,FILL,apsim_cul_id,SC401,,,,,,,,
&,FILL,plpop,3.5,,,,,,,,
&,FILL,plma,S,,,,,,,,
&,FILL,pldp,50,,,,,,,,
&,FILL,plrs,75,,,,,,,,
&,FILL,FEDATE,FERT_DIST(),2,FE005,AP002,10,14,33.3,45,66.7
&,FILL,OMDAT,OM_DIST(),-7,RE003,8.3,5,50,2.5,,
&,FILL,IDATE,AUTO_IDATE(),2,5,400,50,160,40,"! The value is not reasonable, just show the idea of function",
&,FILL,SLRGF,ROOT_DIST(),1,20,200,,,,,
&,FILL,SLSC,STABLEC(),0.75,20,60,,,,,
&,REPLACE,SLSAT,MULTIPLY(),$SLBDM,-0.377,,! Saturtion,,,,
&,REPLACE,SLSAT,OFFSET(),$SLSAT,1,,! Saturtion,,,,
&,REPLACE,SLSAT,MULTIPLY(),$SLSAT,0.95,,! Saturtion,,,,
&,FILL,SLFIC,ROOT_DIST(),0.6,15,150,! Inert C,,,,
&,REPLACE,SLFIC,MULTIPLY(),$SLFIC,-1,,! Inert C,,,,
&,REPLACE,SLFIC,OFFSET(),$SLFIC,1,,! Inert C,,,,
&,FILL,SLPF,0.92,,,,,,,,
&,FILL,SLADR,MULTIPLY(),$SLLL,0.4,,,,,,
&,FILL,DiffusConst,40,,,,,,,,
&,FILL,DiffusSlope,16,,,,,,,,
&,FILL,CONA,3.5,,,,,,,,
&,FILL,SummerU,6,,,,,,,,
&,FILL,WinterU,6,,,,,,,,
&,FILL,SummerDate__soil,03-21,,,,,,,,
&,FILL,WinterDate__soil,09-21,,,,,,,,
&,FILL,apsim_kl,ROOT_DIST(),0.06,45,350,! KL,,,,
&,FILL,SLFAC,ROOT_DIST(),0.04,15,150,! Biom,,,,
&,FILL,SDAT,OFFSET_DATE(),$PDATE,-30,,,,,,
&,FILL,ICDAT,$SDAT,,,,,,,,
&,FILL,ENDAT,DATE_OFFSET(),$PDATE,200,,,,,,
