#,EXNAME,FIELD_OVERLAY,SEASONAL_STRATEGY,FL_LAT,FL_LONG,WST_ID,SOIL_ID,PDATE,CRID,FEN_TOT,OM_TOT,HDATE,HWAH,BWAH,TR_NOTES,"! 3/1/2013, CHP - Changed OMAMT to OM_TOT",,,,,,,,,,
*,MACH0001,MACHAKOS-1----FIELD,MACHAKOS-1----A2_ENDOFCENTURY,-1.9527,37.3876,MK10,TOA0235063,1999-04-15,MAZ,3,7141,1999-09-12,1601,264,,,,,,,,,,,,
*,MACH0002,MACHAKOS-1----FIELD,MACHAKOS-1----A2_ENDOFCENTURY,-1.9527,37.3876,MK10,TOA0235063,1999-10-12,MAZ,1,751,2000-03-15,148,1647,,,,,,,,,,,,
*,MACH0003,MACHAKOS-1----FIELD,MACHAKOS-1----A2_ENDOFCENTURY,-1.9516,37.3912,MK10,TOA0235024,1999-02-14,MAZ,0,0,1999-09-12,632,213,,,,,,,,,,,,
*,MACH0004,MACHAKOS-1----FIELD,MACHAKOS-1----A2_ENDOFCENTURY,-1.9516,37.3912,MK10,TOA0235024,1999-10-12,MAZ,0,153,2000-03-15,1131,629,,,,,,,,,,,,
*,MACH0006,MACHAKOS-1----FIELD,MACHAKOS-1----A2_ENDOFCENTURY,-2.3449,38.1217,MK07,TOA0252082,1999-11-11,MAZ,0,0,2000-05-14,67,0,,,,,,,,,,,,
*,MACH0007,MACHAKOS-1----FIELD,MACHAKOS-1----A2_ENDOFCENTURY,-1.4265,37.4866,MK10,TOA0235054,2000-04-14,MAZ,0,0,2000-08-12,1695,5022,,,,,,,,,,,,
*,MACH0012,MACHAKOS-1----FIELD,MACHAKOS-1----A2_ENDOFCENTURY,-1.4428,37.4701,MK10,TOA0235044,1999-08-13,MAZ,0,0,2000-03-15,105,0,,,,,,,,,,,,
*,MACH0013,MACHAKOS-1----FIELD,MACHAKOS-1----A2_ENDOFCENTURY,-1.4428,37.4701,MK10,TOA0235044,1999-08-13,MAZ,0,0,2000-03-15,964,0,,,,,,,,,,,,
*,MACH0014,MACHAKOS-1----FIELD,MACHAKOS-1----A2_ENDOFCENTURY,-1.4428,37.4701,MK10,TOA0235044,1999-08-13,MAZ,0,0,2000-03-15,270,0,,,,,,,,,,,,
*,MACH0019,MACHAKOS-1----FIELD,MACHAKOS-1----A2_ENDOFCENTURY,-1.5160,37.4825,MK10,TOA0235034,2000-03-15,MAZ,0,355,2000-08-12,104,0,,,,,,,,,,,,
*,MACH0020,MACHAKOS-1----FIELD,MACHAKOS-1----A2_ENDOFCENTURY,-1.5160,37.4825,MK10,TOA0235034,2000-03-15,MAZ,0,386,2000-08-12,104,0,,,,,,,,,,,,
*,MACH0023,MACHAKOS-1----FIELD,MACHAKOS-1----A2_ENDOFCENTURY,-1.5135,37.4839,MK10,TOA0235033,2000-03-15,MAZ,0,603,2000-08-12,92,625,,,,,,,,,,,,
*,MACH0029,MACHAKOS-1----FIELD,MACHAKOS-1----A2_ENDOFCENTURY,-1.5094,37.4847,MK10,TOA0235033,2000-04-14,MAZ,0,51,2000-08-12,133,445,,,,,,,,,,,,
*,MACH0030,MACHAKOS-1----FIELD,MACHAKOS-1----A2_ENDOFCENTURY,-1.5094,37.4847,MK10,TOA0235033,2000-04-14,MAZ,0,51,2000-08-12,133,445,,,,,,,,,,,,
*,MACH0035,MACHAKOS-1----FIELD,MACHAKOS-1----A2_ENDOFCENTURY,-1.6586,37.2797,MK14,TOA0230076,1997-03-16,MAZ,0,0,1997-09-12,1619,1619,,,,,,,,,,,,
*,MACH0036,MACHAKOS-1----FIELD,MACHAKOS-1----A2_ENDOFCENTURY,-1.6586,37.2797,MK14,TOA0230076,1997-03-16,MAZ,0,0,1997-09-12,875,875,,,,,,,,,,,,
*,MACH0038,MACHAKOS-1----FIELD,MACHAKOS-1----A2_ENDOFCENTURY,-1.6280,37.2991,MK14,TOA0248085,1997-03-16,MAZ,21,0,1997-08-13,1615,1601,,,,,,,,,,,,
*,MACH0040,MACHAKOS-1----FIELD,MACHAKOS-1----A2_ENDOFCENTURY,-1.6706,37.2908,MK14,TOA0230107,1997-03-16,MAZ,0,0,1997-08-13,1334,1334,,,,,,,,,,,,
*,MACH0042,MACHAKOS-1----FIELD,MACHAKOS-1----A2_ENDOFCENTURY,-1.6586,37.2797,MK14,TOA0230076,1997-03-16,MAZ,0,169,1997-08-13,2788,2788,,,,,,,,,,,,
*,MACH0044,MACHAKOS-1----FIELD,MACHAKOS-1----A2_ENDOFCENTURY,-1.6653,37.3002,MK14,TOA0230097,1998-03-16,MAZ,4,0,1998-09-12,1599,1599,,,,,,,,,,,,
*,MACH0045,MACHAKOS-1----FIELD,MACHAKOS-1----A2_ENDOFCENTURY,-1.6653,37.3002,MK14,TOA0230097,1998-03-16,MAZ,3,4314,1998-09-12,4828,14483,,,,,,,,,,,,
*,MACH0046,MACHAKOS-1----FIELD,MACHAKOS-1----A2_ENDOFCENTURY,-1.6653,37.3002,MK14,TOA0230097,1998-03-16,MAZ,4,0,1998-09-12,419,419,,,,,,,,,,,,
*,MACH0049,MACHAKOS-1----FIELD,MACHAKOS-1----A2_ENDOFCENTURY,-1.6730,37.2938,MK14,TOA0230107,1998-03-16,MAZ,3,11340,1998-09-12,2414,3103,,,,,,,,,,,,
*,MACH0050,MACHAKOS-1----FIELD,MACHAKOS-1----A2_ENDOFCENTURY,-1.6730,37.2938,MK14,TOA0230107,1998-10-12,MAZ,0,151,1999-02-14,28,34,,,,,,,,,,,,
*,MACH0052,MACHAKOS-1----FIELD,MACHAKOS-1----A2_ENDOFCENTURY,-1.6706,37.2908,MK14,TOA0230107,1998-03-16,MAZ,6,141,1998-09-12,802,910,,,,,,,,,,,,
*,MACH0054,MACHAKOS-1----FIELD,MACHAKOS-1----A2_ENDOFCENTURY,-1.6706,37.2908,MK14,TOA0230107,1998-10-12,MAZ,6,101,1999-02-14,56,56,,,,,,,,,,,,
*,MACH0056,MACHAKOS-1----FIELD,MACHAKOS-1----A2_ENDOFCENTURY,-1.6435,37.2764,MK14,TOA0080076,1998-03-16,MAZ,18,0,1998-09-12,489,489,,,,,,,,,,,,
*,MACH0057,MACHAKOS-1----FIELD,MACHAKOS-1----A2_ENDOFCENTURY,-1.6435,37.2764,MK14,TOA0080076,1998-03-16,MAZ,3,3431,1998-09-12,2138,7241,,,,,,,,,,,,
*,MACH0058,MACHAKOS-1----FIELD,MACHAKOS-1----A2_ENDOFCENTURY,-1.6435,37.2764,MK14,TOA0080076,1998-10-12,MAZ,0,104,1999-02-14,10,16,,,,,,,,,,,,
*,MACH0060,MACHAKOS-1----FIELD,MACHAKOS-1----A2_ENDOFCENTURY,-1.6740,37.2757,MK14,TOA0235076,1998-03-16,MAZ,3,4122,1998-09-12,3393,3103,,,,,,,,,,,,
*,MACH0062,MACHAKOS-1----FIELD,MACHAKOS-1----A2_ENDOFCENTURY,-1.6586,37.2797,MK14,TOA0230076,1998-03-16,MAZ,0,70,1998-09-12,103,77,,,,,,,,,,,,
*,MACH0063,MACHAKOS-1----FIELD,MACHAKOS-1----A2_ENDOFCENTURY,-1.6586,37.2797,MK14,TOA0230076,1998-03-16,MAZ,3,4181,1998-09-12,2828,3103,,,,,,,,,,,,
*,MACH0066,MACHAKOS-1----FIELD,MACHAKOS-1----A2_ENDOFCENTURY,-1.6464,37.2607,MK13,TOA0235076,1998-10-12,MAZ,0,0,1999-02-14,46,41,,,,,,,,,,,,
*,MACH0068,MACHAKOS-1----FIELD,MACHAKOS-1----A2_ENDOFCENTURY,-1.6464,37.2607,MK13,TOA0235076,1998-10-12,MAZ,0,0,1999-02-14,56,51,,,,,,,,,,,,
*,MACH0069,MACHAKOS-1----FIELD,MACHAKOS-1----A2_ENDOFCENTURY,-1.6779,37.2999,MK14,TOA0230066,1998-03-16,MAZ,3,3795,1998-09-12,2621,7241,,,,,,,,,,,,
*,MACH0070,MACHAKOS-1----FIELD,MACHAKOS-1----A2_ENDOFCENTURY,-1.6779,37.2999,MK14,TOA0230066,1998-03-16,MAZ,0,113,1998-09-12,845,845,,,,,,,,,,,,
*,MACH0072,MACHAKOS-1----FIELD,MACHAKOS-1----A2_ENDOFCENTURY,-1.6280,37.2991,MK14,TOA0248085,1998-03-16,MAZ,5,0,1998-09-12,760,950,,,,,,,,,,,,
*,MACH0073,MACHAKOS-1----FIELD,MACHAKOS-1----A2_ENDOFCENTURY,-1.6280,37.2991,MK14,TOA0248085,1998-03-16,MAZ,3,4328,1998-09-12,3862,9310,,,,,,,,,,,,
*,MACH0075,MACHAKOS-1----FIELD,MACHAKOS-1----A2_ENDOFCENTURY,-1.6653,37.3002,MK14,TOA0230097,1998-03-16,MAZ,0,2696,1998-09-12,5379,0,,,,,,,,,,,,
*,MACH0078,MACHAKOS-1----FIELD,MACHAKOS-1----A2_ENDOFCENTURY,-1.6706,37.2908,MK14,TOA0230107,1998-03-16,MAZ,0,4352,1998-09-12,2207,28966,,,,,,,,,,,,
*,MACH0081,MACHAKOS-1----FIELD,MACHAKOS-1----A2_ENDOFCENTURY,-1.6435,37.2764,MK14,TOA0080076,1998-03-16,MAZ,0,4524,1998-09-12,6207,6207,,,,,,,,,,,,
*,MACH0086,MACHAKOS-1----FIELD,MACHAKOS-1----A2_ENDOFCENTURY,-1.6586,37.2797,MK14,TOA0230076,1998-03-16,MAZ,0,4167,1998-09-12,3241,22759,,,,,,,,,,,,
*,MACH0088,MACHAKOS-1----FIELD,MACHAKOS-1----A2_ENDOFCENTURY,-1.6779,37.2999,MK14,TOA0230066,1998-03-16,MAZ,7,60,1998-09-12,710,710,,,,,,,,,,,,
*,MACH0090,MACHAKOS-1----FIELD,MACHAKOS-1----A2_ENDOFCENTURY,-1.6779,37.2999,MK14,TOA0230066,1998-10-12,MAZ,8,317,1999-02-14,553,231,,,,,,,,,,,,
*,MACH0092,MACHAKOS-1----FIELD,MACHAKOS-1----A2_ENDOFCENTURY,-1.6779,37.2999,MK14,TOA0230066,1998-10-12,MAZ,8,317,1999-02-14,98,41,,,,,,,,,,,,
*,MACH0255,MACHAKOS-1----FIELD,MACHAKOS-1----A2_ENDOFCENTURY,-1.3179,37.5142,MK10,TOA0235085,1999-04-15,MAZ,5,0,1999-09-12,1000,1389,,,,,,,,,,,,
*,MACH0256,MACHAKOS-1----FIELD,MACHAKOS-1----A2_ENDOFCENTURY,-1.3179,37.5142,MK10,TOA0235085,1999-04-15,MAZ,5,10,1999-09-12,227,631,,,,,,,,,,,,
